{
    "type": "minecraft:entity",
    "pools": [
        {
            "rolls": 1,
            "entries": [
                {
                    "type": "item",
                    "weight": 1,
                    "name": "minecraft:player_head",
                    "functions": [
                        {
                            "function": "fill_player_head",
                            "entity": "this"
                        }
                    ]
                },
                {
                    "type":"empty",
                    "weight": 99
                }
            ]
        }
    ]
}