{
    "display": {
        "title": {
            "text": "Advancement"
        },
        "description": {
            "text": "Description"
        },
        "icon": {
            "item": "minecraft:stone"
        },
        "frame": "task",
        "show_toast": false,
        "announce_to_chat": false,
        "hidden": true,
        "background": "minecraft:textures/gui/advancements/backgrounds/stone.png"
    },
    "criteria": {
      "requirement": {
        "trigger": "player_killed_entity",
        "conditions": {
            "entity": {
                "type": "minecraft:player"
            }
        }
      }
    },
    "rewards": {
        "function": "aela:powerplay/kill_bounty"
    }
}
