{
    "display": {
        "title": {
            "text": "Advancement"
        },
        "description": {
            "text": "Description"
        },
        "icon": {
            "item": "minecraft:stone"
        },
        "frame": "task",
        "show_toast": false,
        "announce_to_chat": false,
        "hidden": true,
        "background": "minecraft:textures/gui/advancements/backgrounds/stone.png"
    },
    "criteria": {
        "Open chest minecart": {
            "trigger": "minecraft:player_interacted_with_entity",
            "conditions": {
                "entity": {
                    "type": "minecraft:chest_minecart",
                    "nbt": "{Tags:[\"gui\"]}"
                }
            }
        }
    },
    "rewards": {
        "function": "aela:gui/open"
    }
}
